<?xml version="1.0" encoding="UTF-8"?>
<application-client version="7" xmlns="http://xmlns.jcp.org/xml/ns/javaee" xmlns:xsi="http://www.w3.org/2001/XMLSchema-instance" xsi:schemaLocation="http://xmlns.jcp.org/xml/ns/javaee http://xmlns.jcp.org/xml/ns/javaee/application-client_7.xsd">
  <display-name>EJB_CB004603_Client</display-name>
  <ejb-ref>
    <ejb-ref-name>TourFacade</ejb-ref-name>
    <ejb-ref-type>Session</ejb-ref-type>
    <remote>tour.TourFacadeRemote</remote>
  </ejb-ref>
  <!--<ejb-ref>
    <ejb-ref-name>TourFacade</ejb-ref-name>
    <ejb-ref-type>Session</ejb-ref-type>
    <remote>tour.TourFacadeRemote</remote>
  </ejb-ref>
  <ejb-ref>
    <ejb-ref-name>TourFacade</ejb-ref-name>
    <ejb-ref-type>Session</ejb-ref-type>
    <remote>tour.TourFacadeRemote</remote>
  </ejb-ref>
  <ejb-ref>
    <ejb-ref-name>TourFacade</ejb-ref-name>
    <ejb-ref-type>Session</ejb-ref-type>
    <remote>tour.TourFacadeRemote</remote>
  </ejb-ref>-->
</application-client>
